file,FundamentalFreq,Magnitude,HarmonicMatches,H1,H2,H3,H4,H5
../data/guitar/S1-0.wav,330.28017241379314,1278.9794,2,330.3,661.6,,,
../data/guitar/S1-0.wav,234.37500000000003,139.29921,1,234.4,,,,
../data/guitar/S1-1.wav,352.09923664122135,577.1131,1,352.1,,,,
../data/guitar/S1-1.wav,235.80629770992365,168.5251,1,235.8,,,,
../data/guitar/S1-1.wav,217.55725190839695,96.1024,1,217.6,,,,
../data/guitar/S1-1.wav,113.7881679389313,90.00844,1,113.8,,,,
../data/guitar/S1-1.wav,248.3301526717557,78.5663,1,248.3,,,,
../data/guitar/S1-2.wav,371.8449519230769,712.9017,2,371.8,745.9,,,
../data/guitar/S1-2.wav,235.72716346153845,186.24483,1,235.7,,,,
../data/guitar/S1-2.wav,114.03245192307692,115.29563,1,114.0,,,,
../data/guitar/S1-2.wav,217.69831730769232,112.81355,1,217.7,,,,
../data/guitar/S1-2.wav,248.34735576923077,97.37645,2,248.3,745.9,,,
../data/guitar/S1-3.wav,393.8466494845361,1323.377,2,393.8,789.6,,,
../data/guitar/S1-3.wav,235.3414948453608,171.72308,1,235.3,,,,
../data/guitar/S1-6.wav,468.75000000000006,179.97572,2,468.8,939.1,,,
../data/guitar/S1-6.wav,234.76890756302524,116.55266,3,234.8,468.8,939.1,,
../data/guitar/S1-6.wav,113.44537815126051,103.12242,1,113.4,,,,
../data/guitar/S1-6.wav,217.43697478991598,71.041885,2,217.4,433.7,,,
../data/guitar/S1-6.wav,428.1775210084034,70.767136,1,428.2,,,,
../data/guitar/S1-6.wav,248.9495798319328,51.527874,1,248.9,,,,
../data/guitar/S1-6.wav,120.14180672268908,48.718372,1,120.1,,,,
../data/guitar/S1-7.wav,233.984375,115.81146,1,234.0,,,,
../data/guitar/S1-7.wav,114.453125,101.33665,1,114.5,,,,
../data/guitar/S1-7.wav,496.09375,87.21174,1,496.1,,,,
../data/guitar/S1-7.wav,217.578125,71.81957,2,217.6,434.0,,,
../data/guitar/S1-7.wav,248.4375,58.130875,2,248.4,496.1,,,
../data/guitar/S1-7.wav,119.140625,55.638626,2,114.5,234.0,,,
../data/guitar/S1-7.wav,425.390625,53.396816,1,425.4,,,,
../data/guitar/S1-7.wav,999.21875,36.48865,1,999.2,,,,
../data/guitar/S1-8.wav,522.65625,732.16394,2,522.7,1045.3,,,
../data/guitar/S1-8.wav,234.375,173.46158,1,234.4,,,,
../data/guitar/S1-8.wav,114.453125,123.05603,1,114.5,,,,
../data/guitar/S1-8.wav,426.171875,105.01319,1,426.2,,,,
../data/guitar/S1-8.wav,217.578125,99.55166,1,217.6,,,,
../data/guitar/S1-8.wav,248.4375,97.666855,1,248.4,,,,
../data/guitar/S1-9.wav,556.4385775862069,380.586,4,556.4,1113.7,1669.7,2227.8,
../data/guitar/S1-9.wav,233.97090517241378,147.80823,1,234.0,,,,
../data/guitar/S1-9.wav,113.95474137931033,145.84425,1,114.0,,,,
../data/guitar/S1-9.wav,217.40301724137927,92.70131,1,217.4,,,,
../data/guitar/S1-9.wav,248.5183189655172,81.428116,1,248.5,,,,
../data/guitar/S1-9.wav,426.3200431034482,64.19479,1,426.3,,,,
../data/guitar/S2-0.wav,247.27348993288592,2054.8298,2,247.3,494.2,,,
../data/guitar/S2-3.wav,296.5178571428571,1329.4386,2,296.5,591.7,,,
../data/guitar/S2-3.wav,235.7142857142857,171.79268,1,235.7,,,,
../data/guitar/S2-4.wav,314.27556818181824,734.01434,2,314.3,626.4,,,
../data/guitar/S2-4.wav,235.7954545454546,165.80133,1,235.8,,,,
../data/guitar/S2-4.wav,217.68465909090912,99.52745,1,217.7,,,,
../data/guitar/S2-5.wav,332.4710264900662,1102.5875,2,332.5,663.1,,,
../data/guitar/S2-6.wav,352.9183884297521,801.38275,2,352.9,703.9,,,
../data/guitar/S2-6.wav,235.53719008264463,86.55816,2,235.5,703.9,,,
../data/guitar/S2-7.wav,395.763422818792,1823.6001,1,395.8,,,,
../data/guitar/S3-1.wav,207.3773734177215,2269.8774,2,207.4,415.3,,,
../data/guitar/S3-2.wav,220.21967821782178,2314.407,2,220.2,441.8,,,
../data/guitar/S3-2.wav,217.6670792079208,1240.8737,1,220.2,,,,
../data/guitar/S3-3.wav,233.24092741935485,2420.6543,1,233.2,,,,
../data/guitar/S3-4.wav,247.22782258064518,1860.6948,1,247.2,,,,
../data/guitar/S3-4.wav,236.26512096774195,552.4754,1,236.3,,,,
../data/guitar/S3-7.wav,295.01953125,1832.6534,1,295.0,,,,
../data/guitar/S3-8.wav,312.744140625,785.62634,2,312.7,627.0,,,
../data/guitar/S3-8.wav,234.375,166.8622,1,234.4,,,,
../data/guitar/S3-8.wav,217.529296875,98.82027,1,217.5,,,,
../data/guitar/S3-9.wav,330.4036458333333,2076.3496,1,330.4,,,,
../data/guitar/S4-0.wav,144.70108695652175,4216.994,3,144.7,289.6,434.3,,
../data/guitar/S4-1.wav,153.68852459016392,2373.0146,2,153.7,307.6,,,
../data/guitar/S4-4.wav,183.18634969325154,3326.261,2,183.2,366.9,,,
../data/guitar/S4-5.wav,193.83445945945945,3181.7437,1,193.8,,,,
../data/guitar/S4-6.wav,205.35714285714286,2750.0715,2,205.4,411.3,,,
../data/guitar/S4-7.wav,216.7207792207792,3340.5627,2,216.7,435.6,,,
../data/guitar/S4-8.wav,231.06971153846152,1977.9053,1,231.1,,,,
../data/guitar/S4-8.wav,217.84855769230768,313.887,1,217.8,,,,
../data/guitar/S5-1.wav,116.51785714285714,3334.3813,2,116.5,231.7,,,
../data/guitar/S5-2.wav,123.046875,3044.8674,2,123.0,245.8,,,
../data/guitar/S5-3.wav,131.1233108108108,2190.1104,2,131.1,261.6,,,
../data/guitar/S5-4.wav,138.4943181818182,2038.9066,2,138.5,276.4,,,
../data/guitar/S5-5.wav,146.875,3729.2407,2,146.9,293.0,,,
../data/guitar/S5-7.wav,165.21516393442622,2290.0603,3,165.2,329.9,494.4,,
../data/guitar/S5-8.wav,174.69113372093022,2149.3723,2,174.7,349.4,,,
../data/guitar/S5-9.wav,185.472972972973,3428.2273,1,185.5,,,,
../data/guitar/S6-0.wav,164.51907467532467,3693.8208,2,164.5,329.3,,,
../data/guitar/S6-0.wav,246.8547077922078,1936.8635,1,246.9,,,,
../data/guitar/S6-0.wav,82.33563311688312,1561.0338,4,82.3,164.5,246.9,329.3,
../data/guitar/S6-1.wav,174.64048672566372,805.0645,2,174.6,525.0,,,
../data/guitar/S6-1.wav,87.52765486725664,424.94675,5,87.5,174.6,263.0,437.6,525.0
../data/guitar/S6-1.wav,119.26161504424779,82.61277,1,119.3,,,,
../data/guitar/S6-2.wav,185.20220588235298,2964.4114,1,185.2,,,,
../data/guitar/S6-2.wav,278.2628676470589,967.3597,1,278.3,,,,
../data/guitar/S6-2.wav,92.60110294117649,829.4329,3,92.6,185.2,278.3,,
../data/guitar/S6-4.wav,103.97727272727273,2673.166,3,104.0,208.0,416.8,,
../data/guitar/S6-5.wav,110.10906040268458,2943.6465,2,110.1,220.2,,,
../data/guitar/S6-6.wav,117.1875,3186.4822,2,117.2,233.3,,,
../data/guitar/S6-7.wav,124.21875,2502.694,2,124.2,249.2,,,
../data/guitar/S6-8.wav,131.77447552447552,1684.5535,2,131.8,264.2,,,
